{"history_best_eigenvalue_runs": [[-1.9055883251982595, -1.9055883251982595, -1.9261207151547128, -1.9267382862591698, -1.9267382862591698, -1.9296766606169191, -1.9296766606169191, -1.9296766606169191, -1.9296766606169191, -1.953403875120899, -1.953403875120899, -1.953403875120899, -1.9552671997880693, -2.125951513810745, -2.175767358696099, -2.177149454785261, -2.1785255987187164, -2.184045153460213, -2.184045153460213, -2.184045153460213, -2.191363513938188, -2.193885845518223, -2.193885845518223, -2.199889483037913, -2.2023838868670067, -2.311266132532504, -2.3163388959834657, -2.3163388959834657, -2.329587725800053, -2.3443922343977546, -2.3443922343977546, -2.3443922343977546, -2.3549378412689608, -2.3566792349764176, -2.3589427437863657, -2.3589427437863657, -2.3783368622775996, -2.379214440719503, -2.3807836856000564, -2.3807836856000564, -2.3807836856000564, -2.381073081602773, -2.381073081602773, -2.3835890439209035, -2.391185079097351, -2.4017806031587234, -2.40200436335196, -2.4039337081391854, -2.4041420526106303, -2.4052690854973013, -2.4053699847115166, -2.4053831701754547, -2.4053838071489686, -2.4053838071489686, -2.4060883827216735, -2.40687995020698, -2.40687995020698, -2.407628307167885, -2.4080140281593243, -2.4080140281593243, -2.4080140281593243, -2.408417118101273, -2.4089960090779154, -2.4089960090779154, -2.409383521362515, -2.4097212943591115, -2.4100548508194883, -2.410176088097461, -2.410176088097461, -2.410176088097461, -2.4107991860278957, -2.411394239503851, -2.411394239503851, -2.4114881997711137, -2.411519249025086, -2.411519249025086, -2.411652873215676, -2.411652873215676, -2.4118073828220328, -2.4121569900706117, -2.4121569900706117, -2.4129096150320954, -2.4129599518781206, -2.4130309187537886, -2.4130698623696842, -2.4131889047569484, -2.41343906765658, -2.4134392000358895, -2.413507283251448, -2.413507283251448, -2.4136444508367187, -2.4136444508367187, -2.4136444508367187, -2.4136444508367187, -2.4136444508367187, -2.413688782545612, -2.413763372642048, -2.413775259164616, -2.4137773440969843, -2.413778068082717, -2.413779003830955]], "best_thetas_runs": [[-1.4602473974227905, -6.2831854820251465, -2.917145252227783, -4.525211334228516, -5.954196453094482, -0.5205599069595337, -3.1407573223114014, -1.5731840133666992, -5.497037887573242]], "best_eigenvalue_runs": [-2.413779003830955], "history_best_fidelity": [-1.9055883251982595, -1.9055883251982595, -1.9261207151547128, -1.9267382862591698, -1.9267382862591698, -1.9296766606169191, -1.9296766606169191, -1.9296766606169191, -1.9296766606169191, -1.953403875120899, -1.953403875120899, -1.953403875120899, -1.9552671997880693, -2.125951513810745, -2.175767358696099, -2.177149454785261, -2.1785255987187164, -2.184045153460213, -2.184045153460213, -2.184045153460213, -2.191363513938188, -2.193885845518223, -2.193885845518223, -2.199889483037913, -2.2023838868670067, -2.311266132532504, -2.3163388959834657, -2.3163388959834657, -2.329587725800053, -2.3443922343977546, -2.3443922343977546, -2.3443922343977546, -2.3549378412689608, -2.3566792349764176, -2.3589427437863657, -2.3589427437863657, -2.3783368622775996, -2.379214440719503, -2.3807836856000564, -2.3807836856000564, -2.3807836856000564, -2.381073081602773, -2.381073081602773, -2.3835890439209035, -2.391185079097351, -2.4017806031587234, -2.40200436335196, -2.4039337081391854, -2.4041420526106303, -2.4052690854973013, -2.4053699847115166, -2.4053831701754547, -2.4053838071489686, -2.4053838071489686, -2.4060883827216735, -2.40687995020698, -2.40687995020698, -2.407628307167885, -2.4080140281593243, -2.4080140281593243, -2.4080140281593243, -2.408417118101273, -2.4089960090779154, -2.4089960090779154, -2.409383521362515, -2.4097212943591115, -2.4100548508194883, -2.410176088097461, -2.410176088097461, -2.410176088097461, -2.4107991860278957, -2.411394239503851, -2.411394239503851, -2.4114881997711137, -2.411519249025086, -2.411519249025086, -2.411652873215676, -2.411652873215676, -2.4118073828220328, -2.4121569900706117, -2.4121569900706117, -2.4129096150320954, -2.4129599518781206, -2.4130309187537886, -2.4130698623696842, -2.4131889047569484, -2.41343906765658, -2.4134392000358895, -2.413507283251448, -2.413507283251448, -2.4136444508367187, -2.4136444508367187, -2.4136444508367187, -2.4136444508367187, -2.4136444508367187, -2.413688782545612, -2.413763372642048, -2.413775259164616, -2.4137773440969843, -2.413778068082717, -2.413779003830955], "best_thetas": [1.4602473974227905, 6.2831854820251465, 2.917145252227783, 4.525211334228516, 5.954196453094482, 0.5205599069595337, 3.1407573223114014, 1.5731840133666992, 5.497037887573242], "best_eigenvalue": 2.413779003830955, "n_samples_acquisition_fx": 1000, "n_BO": 101, "learning_rate": 0.1, "initial_noise": 1e-08, "scaler_target": null, "n_initial_samples": 100, "mean_MSE_eigenvalue_train": [3.7772787457318727e-16, 5.591389611296015e-16, 2.5620811455764075e-16, 4.5181216791531356e-15, 4.093829491193881e-15, 6.501070184676192e-14, 9.412969190738978e-13, 9.206418676761607e-13, 8.972633780651888e-13, 1.3489050120219085e-12, 1.2898057182420706e-12, 1.2018157641842603e-12, 1.6303515268486611e-12, 1.6201248181472779e-12, 1.6486254986055874e-12, 1.6090776970948122e-12, 1.3211799400143589e-12, 1.2082844646030372e-12, 1.0998508560967887e-12, 1.7579258376923982e-12, 1.6335140853646447e-12, 1.5565001779963426e-12, 1.7881127634138669e-12, 1.8330932714894896e-12, 1.8588374458475807e-12, 1.789443639776727e-12, 1.8005837365437458e-12, 1.762759507302879e-12, 1.6354625754047519e-12, 1.6043492347768821e-12, 1.6192091883542274e-12, 1.6853749543332785e-12, 1.6360885353721515e-12, 1.627910299820967e-12, 1.587310172337024e-12, 1.7216001302076465e-12, 2.117309825000072e-12, 2.654376103954954e-12, 2.2490389519558674e-12, 2.220785128356793e-12, 2.065446095974632e-12, 2.026309714307979e-12, 2.008525808434047e-12, 3.193773251155177e-12, 3.704544640365754e-12, 2.924892666105388e-12, 3.3937481536371765e-12, 3.3704847732782736e-12, 3.445243782879709e-12, 3.937963253025499e-12, 3.711002510646649e-12, 3.74111119609164e-12, 3.651858216408008e-12, 5.048976001404694e-12, 5.3208373915294e-12, 5.1700814807673086e-12, 1.0025087644574742e-11, 6.352314699793719e-12, 7.417638956059023e-12, 7.373627385703551e-12, 1.1987486407055901e-11, 1.4467825391420506e-11, 1.2124330002403213e-11, 1.2081079365763311e-11, 1.3617582265057019e-11, 1.3744931605526894e-11, 1.392842892605522e-11, 1.246101120172441e-11, 1.2414995963839602e-11, 1.2345131359694465e-11, 1.2980909392284314e-11, 1.2818334455234218e-11, 1.2236682937371783e-11, 1.2686426730124166e-11, 1.3355237624960823e-11, 1.3955100866318755e-11, 1.5699784591526513e-11, 1.559357521326818e-11, 1.4076760319105188e-11, 1.2990146853920569e-11, 1.2958120626156002e-11, 1.1147575945627546e-11, 1.255267839192228e-11, 1.3802783089901066e-11, 1.4216079806713706e-11, 1.5356339531223728e-11, 1.540955998316776e-11, 1.5625836462691452e-11, 1.749779468490951e-11, 1.7406753715695954e-11, 1.6858015579728707e-11, 1.678636985599041e-11, 1.667141608308414e-11, 1.6953604950930186e-11, 1.685577460065624e-11, 1.679014572124634e-11, 1.595279535797208e-11, 1.587513933037394e-11, 1.5799802368459537e-11, 1.5750821336634934e-11, 1.568067402612775e-11], "real_ground_state_energy": -2.4142135623730954, "type_acq_function": "UpperConfidenceBound(\n  (model): WrappedGPyTorchModelMultiGPHamiltonian()\n)", "H_matrix": [[{"__complex__": true, "real": 0.0, "imag": 0.0}, {"__complex__": true, "real": 0.0, "imag": 0.0}, {"__complex__": true, "real": 1.0, "imag": 0.0}, {"__complex__": true, "real": 0.0, "imag": 0.0}, {"__complex__": true, "real": 1.0, "imag": 0.0}, {"__complex__": true, "real": 1.0, "imag": 0.0}, {"__complex__": true, "real": 0.0, "imag": 0.0}, {"__complex__": true, "real": 0.0, "imag": 0.0}], [{"__complex__": true, "real": 0.0, "imag": 0.0}, {"__complex__": true, "real": 0.0, "imag": 0.0}, {"__complex__": true, "real": 0.0, "imag": 0.0}, {"__complex__": true, "real": -1.0,